Id,Label,fonction,cluster
aves_aa_4R_auth_0001,"metziger, wilhelm",personne,
aves_aa_4R_auth_0002,"colmar, von, hannemann",personne,
aves_aa_4R_auth_0003,"gerung, judengasse, in",personne,
aves_aa_4R_auth_0004,"rotschilt, wilhelm",personne,
aves_aa_4R_auth_0005,"spielmann, claus",personne,
aves_aa_4R_auth_0006,"schott, claus",personne,
aves_aa_4R_auth_0007,"issenhausen, ulrich",personne,
aves_aa_4R_auth_0008,sigel,personne,
aves_aa_4R_auth_0009,"kindelin, erhart",personne,
aves_aa_4R_auth_0010,"andres, rossmarkt, am",personne,
aves_aa_4R_auth_0011,"gumbrecht, von, diebolt",personne,
aves_aa_4R_auth_0012,"boppe, küntz",personne,
aves_aa_4R_auth_0013,"tummeler, dietrich",personne,
aves_aa_4R_auth_0014,"westermann, johanns",personne,
aves_aa_4R_auth_0015,"heischer, lienhart",personne,
aves_aa_4R_auth_0016,"laubeck, johanns",personne,
aves_aa_4R_auth_0017,"honau, peter",personne,
aves_aa_4R_auth_0018,"hühnerer, ulrich",personne,
aves_aa_4R_auth_0019,"nattener, andres",personne,
aves_aa_4R_auth_0020,"schwicker, johanns",personne,
aves_aa_4R_auth_0021,"aler, heintz",personne,
aves_aa_4R_auth_0022,"gosse, ulrich",personne,
aves_aa_4R_auth_0023,"ingenheim, von, claus",personne,
aves_aa_4R_auth_0024,"diether, johanns",personne,
aves_aa_4R_auth_0025,"dingsheim, claus",personne,
aves_aa_4R_auth_0026,"hagenau, von, peter, hagenau, von",personne,
aves_aa_4R_auth_0027,"stachel, küntz",personne,
aves_aa_4R_auth_0028,"klige, hug, staden, am",personne,
aves_aa_4R_auth_0029,"rhinau, walther",personne,
aves_aa_4R_auth_0030,"sünner, peter",personne,
aves_aa_4R_auth_0031,"barpfennig, ruhlemann",personne,
aves_aa_4R_auth_0032,"johanns, sankt-thoman",personne,
aves_aa_4R_auth_0033,"berse, von, wilhelm",personne,
aves_aa_4R_auth_0034,"herbst, johanns",personne,
aves_aa_4R_auth_0035,"langneffe, johanns",personne,
aves_aa_4R_auth_0036,"hanseler, johanns",personne,
aves_aa_4R_auth_0037,"kranich, heinrich",personne,
aves_aa_4R_auth_0038,"gans, johanns",personne,
aves_aa_4R_auth_0039,"trüchtersheim, von, eberhart",personne,
aves_aa_4R_auth_0040,heilmann,personne,
aves_aa_4R_auth_0041,"nellesheim, johanns, rethanns der junge",personne,
aves_aa_4R_auth_0042,"seelose, heintz",personne,
aves_aa_4R_auth_0043,"münch, ottemann",personne,
aves_aa_4R_auth_0044,"beildeck, fritsch",personne,
aves_aa_4R_auth_0045,"christian, barfüssern, vor den",personne,
aves_aa_4R_auth_0046,"henneckin, claus",personne,
aves_aa_4R_auth_0047,"rhinau, andres",personne,
aves_aa_4R_auth_0048,"stacheler, johanns",personne,
aves_aa_4R_auth_0049,stoffelus,personne,
aves_aa_4R_auth_0050,"pfennigmann, johanns",personne,
aves_aa_4R_auth_0051,"saltzmütter, johanns, der junge",personne,
aves_aa_4R_auth_0052,"dolde, johanns",personne,
aves_aa_4R_auth_0053,"schrotbanck, walther",personne,
aves_aa_4R_auth_0054,"wigang, ",personne,
aves_aa_4R_auth_0055,"kleinhanns, diethmar",personne,
aves_aa_4R_auth_0056,"kornbick, claus",personne,
aves_aa_4R_auth_0057,"bobst, lienhart",personne,
aves_aa_4R_auth_0058,"ölmann, walther",personne,
aves_aa_4R_auth_0059,"barpfennig, johanns",personne,
aves_aa_4R_auth_0060,"küntz, staden, am",personne,
aves_aa_4R_auth_0061,"färber, johanns",personne,
aves_aa_4R_auth_0062,"heinrich, johanns, zoller, zum",personne,
aves_aa_4R_auth_0063,"stumpf, heintz",personne,
aves_aa_4R_auth_0064,"bergheim, johanns, ammeister",personne,
aves_aa_4R_auth_0065,"sporer, stefan",personne,
aves_aa_4R_auth_0066,"schön, heintz",personne,
aves_aa_4R_auth_0067,"obrecht, der lange",personne,
aves_aa_4R_auth_0068,"schultheiss, küntz",personne,
aves_aa_4R_auth_0069,"klammann, andres",personne,
aves_aa_4R_auth_0070,"rickersheim, küntz",personne,
aves_aa_4R_auth_0071,"bock, johanns",personne,
aves_aa_4R_auth_0072,"lamb, hensel, teich, am",personne,
aves_aa_4R_auth_0073,"obrecht, johanns, schintbrücke, an der",personne,
aves_aa_4R_auth_0074,"schmied, lienhart, trachenfeils, zu",personne,
aves_aa_4R_auth_0075,"schenck, johanns",personne,4.0
aves_aa_4R_auth_0076,"steck, johanns",personne,
aves_aa_4R_auth_0077,"steingewerck, claus",personne,
aves_aa_4R_auth_0078,"mörlin, johanns",personne,
aves_aa_4R_auth_0079,"altheim, claus",personne,
aves_aa_4R_auth_0080,"heilmann, johanns",personne,
aves_aa_4R_auth_0081,"geispoltzheim, von, jacob, der junge",personne,2.0
aves_aa_4R_auth_0082,"müseler, peter",personne,
aves_aa_4R_auth_0083,"armbruster, obrecht",personne,
aves_aa_4R_auth_0084,"küntzlin, diethmar, bosser, zum",personne,
aves_aa_4R_auth_0085,"kirwiller, von, gerbot",personne,
aves_aa_4R_auth_0086,"wassicher, heilmann",personne,
aves_aa_4R_auth_0087,"ruhlmann, lauwel",personne,
aves_aa_4R_auth_0088,"lorer, hermann",personne,
aves_aa_4R_auth_0089,"miltenberg, johanns",personne,
aves_aa_4R_auth_0090,"vogt, johanns, ettenheim, von",personne,
aves_aa_4R_auth_0091,"beildeck, jacob",personne,
aves_aa_4R_auth_0092,"herring, oberlin",personne,
aves_aa_4R_auth_0093,"waltenheim, johanns",personne,
aves_aa_4R_auth_0094,"melbrühe, michel",personne,
aves_aa_4R_auth_0095,"martin, johanns",personne,
aves_aa_4R_auth_0096,"mönchelin, küntz",personne,
aves_aa_4R_auth_0097,"rohrer, marx",personne,
aves_aa_4R_auth_0098,"rüllin, claus",personne,
aves_aa_4R_auth_0099,"wecker, jeckel",personne,
aves_aa_4R_auth_0100,"nesselbach, erhart",personne,
aves_aa_4R_auth_0101,"hühnerer, lauwel",personne,
aves_aa_4R_auth_0102,"altheim, jacob",personne,
aves_aa_4R_auth_0103,"friedel, lauwel",personne,
aves_aa_4R_auth_0104,"wingersheim, peter",personne,
aves_aa_4R_auth_0105,"kammerer, johanns",personne,
aves_aa_4R_auth_0106,"spirer, anshelm",personne,
aves_aa_4R_auth_0107,"lorer, johanns",personne,
aves_aa_4R_auth_0108,"menniger, johanns",personne,
aves_aa_4R_auth_0109,"kacheler, johanns",personne,
aves_aa_4R_auth_0110,"mönchelin, johanns",personne,
aves_aa_4R_auth_0111,"oberkirch, von, lauwel",personne,
aves_aa_4R_auth_0112,"pfau, johanns",personne,2.0
aves_aa_4R_auth_0113,"berner, johanns",personne,
aves_aa_4R_auth_0114,"albrecht, johanns, schintbrücke, an der",personne,
aves_aa_4R_auth_0115,"messinger, heintz",personne,
aves_aa_4R_auth_0116,"girbaden, hensel",personne,
aves_aa_4R_auth_0117,"kistner, reinhart, bruch, im",personne,
aves_aa_4R_auth_0118,"willgottheim, claus",personne,
aves_aa_4R_auth_0119,"rottweil, von, erhart",personne,
aves_aa_4R_auth_0120,"hagenau, von, wernher",personne,
aves_aa_4R_auth_0121,"schanlit, walther",personne,
aves_aa_4R_auth_0122,"weissgerber, fritsch",personne,
aves_aa_4R_auth_0123,"wormser, claus",personne,
aves_aa_4R_auth_0124,"hagenau, von, erhart",personne,
aves_aa_4R_auth_0125,"stegemann, eberhart",personne,
aves_aa_4R_auth_0126,"hechde, claus",personne,
aves_aa_4R_auth_0127,"arge, claus",personne,
aves_aa_4R_auth_0128,"melbrühe, claus",personne,
aves_aa_4R_auth_0129,"wintzler, peter",personne,
aves_aa_4R_auth_0130,"lamb, johanns",personne,2.0
aves_aa_4R_auth_0131,"messerer, claus",personne,
aves_aa_4R_auth_0132,"frei, uhlmann",personne,
aves_aa_4R_auth_0133,"fritschmann, hug",personne,
aves_aa_4R_auth_0134,"riffe, peter",personne,4.0
aves_aa_4R_auth_0135,"gerter, küntz",personne,
aves_aa_4R_auth_0136,"schanlit, claus",personne,2.0
aves_aa_4R_auth_0137,"kraft, johanns",personne,
aves_aa_4R_auth_0138,"kindelin, mewus",personne,
aves_aa_4R_auth_0139,"überhang, zum, hermann",personne,
aves_aa_4R_auth_0140,"meiger, johanns",personne,
aves_aa_4R_auth_0141,"hagenau, von, götze",personne,4.0
aves_aa_4R_auth_0142,"lamb, heitz",personne,
aves_aa_4R_auth_0143,"seifenmacher, hug",personne,
aves_aa_4R_auth_0144,"grossstein, johanns",personne,
aves_aa_4R_auth_0145,"stollhofen, hensel",personne,
aves_aa_4R_auth_0146,"frei, johanns",personne,
aves_aa_4R_auth_0147,"gosse, peter",personne,
aves_aa_4R_auth_0148,"dürningen, von, johanns",personne,
aves_aa_4R_auth_0149,"leimer, heinrich",personne,
aves_aa_4R_auth_0150,"kücheler, peter",personne,
aves_aa_4R_auth_0151,"gast, ludwig",personne,
aves_aa_4R_auth_0152,"schrotbanck, konrat",personne,4.0
aves_aa_4R_auth_0153,"lumbart, johanns",personne,
aves_aa_4R_auth_0154,"oberkirch, von, claus",personne,
aves_aa_4R_auth_0155,"rhinau, ottemann",personne,
aves_aa_4R_auth_0156,"rotenschilt, zum, wolff",personne,
aves_aa_4R_auth_0157,"walther, sankt-thoman",personne,4.0
aves_aa_4R_auth_0158,"marlen, peter",personne,
aves_aa_4R_auth_0159,"pfaffenhoffen, johanns, haffener",personne,
aves_aa_4R_auth_0160,"voltz, claus",personne,
aves_aa_4R_auth_0161,"nordhausen, johanns",personne,
aves_aa_4R_auth_0162,"colmar, von, bechtolt",personne,
aves_aa_4R_auth_0163,"werde, claus",personne,
aves_aa_4R_auth_0164,"beildeck, jeckel",personne,
aves_aa_4R_auth_0165,"düpigheim, johanns",personne,
aves_aa_4R_auth_0166,schweicker,personne,
aves_aa_4R_auth_0167,"bader, johanns, krutenau, in",personne,
aves_aa_4R_auth_0168,"dreitzehn, hug, der junge",personne,
aves_aa_4R_auth_0169,"hohenhaus, zum, claus, steinstrasse, an der",personne,
aves_aa_4R_auth_0170,"herrhorn, zum, thoman",personne,
aves_aa_4R_auth_0171,"mommenheim, von, johanns",personne,
aves_aa_4R_auth_0172,"seltz, von, johanns",personne,
aves_aa_4R_auth_0173,"armbruster, konrat, brantgasse, in",personne,4.0
aves_aa_4R_auth_0174,"mahler, hermann",personne,
aves_aa_4R_auth_0175,"bere, hensel",personne,
aves_aa_4R_auth_0176,"hertzog, johanns",personne,
aves_aa_4R_auth_0177,"gauch, johanns",personne,
aves_aa_4R_auth_0178,"scherer, rudolff, rossmarkt, am",personne,
aves_aa_4R_auth_0179,"renner, diebolt",personne,2.0
aves_aa_4R_auth_0180,"wachsmann, zum, fritsch",personne,
aves_aa_4R_auth_0181,"dreitzehn, reimbolt",personne,
aves_aa_4R_auth_0182,"burkhart, riffe",personne,
aves_aa_4R_auth_0183,"martin, johanns",personne,
aves_aa_4R_auth_0184,"meister, heintz",personne,
aves_aa_4R_auth_0185,"zirtzer, ulrich",personne,
aves_aa_4R_auth_0186,"bidermann, johanns, schwenner, zum",personne,
aves_aa_4R_auth_0187,"sturm, johanns",personne,
aves_aa_4R_auth_0188,"villinger, peter",personne,2.0
aves_aa_4R_auth_0189,"schwert, johanns",personne,
aves_aa_4R_auth_0190,"wasselnheim, von, johanns",personne,
aves_aa_4R_auth_0191,"haslach von, peter",personne,
aves_aa_4R_auth_0192,"merckwiller, küntz",personne,
aves_aa_4R_auth_0193,"frankenheim, ottemann",personne,2.0
aves_aa_4R_auth_0194,"müntzer, burkhart",personne,
aves_aa_4R_auth_0195,"brüchelin, hansekint",personne,
aves_aa_4R_auth_0196,"flach, johanns",personne,
aves_aa_4R_auth_0197,"blumenstein, johanns",personne,
aves_aa_4R_auth_0198,"burkhart, heintz",personne,
aves_aa_4R_auth_0199,"spitznagel, johanns",personne,
aves_aa_4R_auth_0200,"wibolsheim, johanns",personne,
aves_aa_4R_auth_0201,"hermann, jacob",personne,
aves_aa_4R_auth_0202,"berse, johanns",personne,
aves_aa_4R_auth_0203,"sprenger, claus",personne,
aves_aa_4R_auth_0204,"kacheler, anthenie",personne,
aves_aa_4R_auth_0205,"armbruster, johanns",personne,
aves_aa_4R_auth_0206,"kerb, johanns",personne,
aves_aa_4R_auth_0207,"kenen, zur, jeckel",personne,
aves_aa_4R_auth_0208,"schmalriem, andres",personne,4.0
aves_aa_4R_auth_0209,"zender, johanns",personne,
aves_aa_4R_auth_0210,"mannertrieb, diebolt",personne,
aves_aa_4R_auth_0211,"mentzer, johanns",personne,
aves_aa_4R_auth_0212,"seiler, ruhlemann",personne,
aves_aa_4R_auth_0213,"tuchscherer, ottemann",personne,
aves_aa_4R_auth_0214,"voltz, ",personne,
aves_aa_4R_auth_0215,"willgottheim, johanns",personne,
aves_aa_4R_auth_0216,"epfig, von, hannemann",personne,
aves_aa_4R_auth_0217,"meiger, claus",personne,
aves_aa_4R_auth_0218,"jeckelin, symont",personne,
aves_aa_4R_auth_0219,"rawensburg, johanns",personne,
aves_aa_4R_auth_0220,"kriegsheim, von, johanns, stacheler",personne,
aves_aa_4R_auth_0221,"brüchelin, claus, der junge",personne,
aves_aa_4R_auth_0222,"saltzmütter, dietrich",personne,4.0
aves_aa_4R_auth_0223,"wurant, rudolff",personne,
aves_aa_4R_auth_0224,"lampertheim, von, peter",personne,0.0
aves_aa_4R_auth_0225,"brucker, peter",personne,4.0
aves_aa_4R_auth_0226,"nussmann, peter",personne,
aves_aa_4R_auth_0227,"heimburg, küntz",personne,
aves_aa_4R_auth_0228,"gerbot, claus",personne,
aves_aa_4R_auth_0229,"dannenfels, johanns",personne,
aves_aa_4R_auth_0230,"stoltz, peter",personne,
aves_aa_4R_auth_0231,"spirer, claus",personne,
aves_aa_4R_auth_0232,"kenen, zur, jacob",personne,
aves_aa_4R_auth_0233,"harnescher, blesin",personne,
aves_aa_4R_auth_0234,"bock, ludwig",personne,
aves_aa_4R_auth_0235,"hug, johanns, pfaffe",personne,
aves_aa_4R_auth_0236,"pfluger, ottemann",personne,
aves_aa_4R_auth_0237,"kutteltzheim, michel",personne,
aves_aa_4R_auth_0238,"betscholt, johanns",personne,2.0
aves_aa_4R_auth_0239,"meiger, jeckel",personne,
aves_aa_4R_auth_0240,"göffde, von, claus",personne,
aves_aa_4R_auth_0241,"arner, heinrich",personne,
aves_aa_4R_auth_0242,"wild, küntz",personne,
aves_aa_4R_auth_0243,"meiger, heinrich",personne,
aves_aa_4R_auth_0244,"wilgen, zur, jacob",personne,
aves_aa_4R_auth_0245,"flöss, heintz",personne,4.0
aves_aa_4R_auth_0246,"roser, heintz",personne,
aves_aa_4R_auth_0247,"ingenheim, küntz",personne,
aves_aa_4R_auth_0248,"dolde, bechtolt",personne,
aves_aa_4R_auth_0249,"wernher, claus",personne,
aves_aa_4R_auth_0250,"giger, claus",personne,
aves_aa_4R_auth_0251,"reichwein, walther",personne,
aves_aa_4R_auth_0252,"kerling, claus",personne,
aves_aa_4R_auth_0253,"renner, johanns, der junge",personne,4.0
aves_aa_4R_auth_0254,"vetter, claus",personne,4.0
aves_aa_4R_auth_0255,"schnipper, claus",personne,
aves_aa_4R_auth_0256,"arnolt, konrat",personne,4.0
aves_aa_4R_auth_0257,"siffermann, riffe",personne,
aves_aa_4R_auth_0258,"rhinau, johanns",personne,
aves_aa_4R_auth_0259,"klein, dietrich",personne,
aves_aa_4R_auth_0260,"müntzenberg, heinrich",personne,
aves_aa_4R_auth_0261,"spete, johanns",personne,3.0
aves_aa_4R_auth_0262,"schluch, im, johanns, schluch, im",personne,1.0
aves_aa_4R_auth_0263,"nothalden, von, heinrich",personne,
aves_aa_4R_auth_0264,"buchswiller, von, burkhart",personne,
aves_aa_4R_auth_0265,"schwob, johanns",personne,
aves_aa_4R_auth_0266,"lampertheim, von, johanns",personne,
aves_aa_4R_auth_0267,"müntzenberg, johanns",personne,
aves_aa_4R_auth_0268,"dossenheim, von, hug",personne,2.0
aves_aa_4R_auth_0269,"kacheler, sifrit",personne,
aves_aa_4R_auth_0270,"waldeck, konrat",personne,
aves_aa_4R_auth_0271,"schnell, johanns",personne,
aves_aa_4R_auth_0272,"risser, claus",personne,
aves_aa_4R_auth_0273,"peter, johanns",personne,
aves_aa_4R_auth_0274,"['', ''], diebolt",personne,
aves_aa_4R_auth_0275,"obrecht, johanns",personne,
aves_aa_4R_auth_0276,"voltz, claus, hagenau, von",personne,
aves_aa_4R_auth_0277,"gerbot, küntz",personne,
aves_aa_4R_auth_0278,"honau, von, claus",personne,
aves_aa_4R_auth_0279,adam,personne,
aves_aa_4R_auth_0280,"pfluger, heintz",personne,
aves_aa_4R_auth_0281,"kilwart, johanns",personne,
aves_aa_4R_auth_0282,"würtzel, johanns",personne,
aves_aa_4R_auth_0283,"basel, von, diebolt",personne,
aves_aa_4R_auth_0284,"hüter, johanns",personne,
aves_aa_4R_auth_0285,"kride, heintz",personne,
aves_aa_4R_auth_0286,"krapp, johanns",personne,
aves_aa_4R_auth_0287,"pfettisheim, johanns",personne,
aves_aa_4R_auth_0288,"eckboltzheim, von, claus",personne,
aves_aa_4R_auth_0289,"leistmann, ",personne,
aves_aa_4R_auth_0290,"lang, fritsch",personne,
aves_aa_4R_auth_0291,"beildeck, adam",personne,
aves_aa_4R_auth_0292,"pfluger, oberlin",personne,
aves_aa_4R_auth_0293,"stacheler, johanns",personne,
aves_aa_4R_auth_0294,"götze, bechtolt",personne,
aves_aa_4R_auth_0295,"risser, konrat",personne,
aves_aa_4R_auth_0296,"kutteltzheim, michel, der junge",personne,
aves_aa_4R_auth_0297,"giger, johanns",personne,
aves_aa_4R_auth_0298,"meiger, claus",personne,
aves_aa_4R_auth_0299,"gerbot, johanns",personne,
aves_aa_4R_auth_0300,"bülle, johanns",personne,
aves_aa_4R_auth_0301,"hugelin, sankt-martin",personne,
aves_aa_4R_auth_0302,"stacheler, claus",personne,
aves_aa_4R_auth_0303,"dreitzehn, diebolt",personne,
aves_aa_4R_auth_0304,"brüchelin, johanns, klein",personne,
aves_aa_4R_auth_0305,"träger, oberlin",personne,4.0
aves_aa_4R_auth_0306,"dürr, claus",personne,
aves_aa_4R_auth_0307,"landolff, jacob",personne,
aves_aa_4R_auth_0308,"scheubelin, johanns",personne,
aves_aa_4R_auth_0309,"kalt, johanns",personne,4.0
aves_aa_4R_auth_0310,"dentener, johanns",personne,
aves_aa_4R_auth_0311,"trüchtersheim, von, ruhlemann",personne,2.0
aves_aa_4R_auth_0312,"zoller, johanns",personne,4.0
aves_aa_4R_auth_0313,"ettenheim, von, claus",personne,
aves_aa_4R_auth_0314,"fritsch, werde, uff dem",personne,2.0
aves_aa_4R_auth_0315,"üsenberg, heintz",personne,4.0
aves_aa_4R_auth_0316,"stefan, heinrich",personne,
aves_aa_4R_auth_0317,"nüffer, behremann",personne,0.0
aves_aa_4R_auth_0318,"spete, claus",personne,
aves_aa_4R_auth_0319,"bader, oswalt",personne,
aves_aa_4R_auth_0320,"schmerwer, andres",personne,0.0
aves_aa_4R_auth_0321,"lichtenberg, heinrich",personne,
aves_aa_4R_auth_0322,"harrer, oberlin",personne,
aves_aa_4R_auth_0323,"dettwiller, claus",personne,
aves_aa_4R_auth_0324,"mentzer, adam",personne,
aves_aa_4R_auth_0325,"klige, johanns",personne,4.0
aves_aa_4R_auth_0326,bechtolt,personne,
aves_aa_4R_auth_0327,"duntzenheim, claus",personne,4.0
aves_aa_4R_auth_0328,"eckboltzheim, von, johanns",personne,
aves_aa_4R_auth_0329,"welsch, lienhart",personne,0.0
aves_aa_4R_auth_0330,"phye, heintz",personne,
aves_aa_4R_auth_0331,"bergheim, von, claus",personne,
aves_aa_4R_auth_0332,"heide, küntz",personne,4.0
aves_aa_4R_auth_0333,"gotzgans, johanns",personne,
aves_aa_4R_auth_0334,"trachenfeils, lienhart, der junge",personne,2.0
aves_aa_4R_auth_0335,"rheinstett, von, fritsch",personne,4.0
aves_aa_4R_auth_0336,"konrat, münster, vor dem",personne,
aves_aa_4R_auth_0337,"schultheiss, johanns, klein",personne,
aves_aa_4R_auth_0338,"kerling, jacob",personne,
aves_aa_4R_auth_0339,"sturmel, peter",personne,
aves_aa_4R_auth_0340,"breitthor, johanns",personne,
aves_aa_4R_auth_0341,"phye, reimbolt",personne,4.0
aves_aa_4R_auth_0342,"hirtzfelder, heinrich",personne,
aves_aa_4R_auth_0343,"kühn, johanns",personne,
aves_aa_4R_auth_0344,"missbach, peter",personne,4.0
aves_aa_4R_auth_0345,marx,personne,
aves_aa_4R_auth_0346,"wissemburg, johanns",personne,
aves_aa_4R_auth_0347,"kint, heintz",personne,
aves_aa_4R_auth_0348,"linzer, claus",personne,3.0
aves_aa_4R_auth_0349,"armbruster, konrat, pfennigturm, vor dem, der junge",personne,2.0
aves_aa_4R_auth_0350,"rosemberg, küntz",personne,4.0
aves_aa_4R_auth_0351,"monschein, johanns",personne,4.0
aves_aa_4R_auth_0352,"schalk, obrecht",personne,3.0
aves_aa_4R_auth_0353,"hellen, zur, claus",personne,4.0
aves_aa_4R_auth_0354,"scheubelin, johanns",personne,
aves_aa_4R_auth_0355,"grünwalt, jacob",personne,
aves_aa_4R_auth_0356,"neuwiller, johanns",personne,
aves_aa_4R_auth_0357,"armbruster, johanns",personne,
aves_aa_4R_auth_0358,"kesselring, johanns",personne,4.0
aves_aa_4R_auth_0359,"giger, johanns",personne,
aves_aa_4R_auth_0360,"lumbart, johanns, der junge",personne,1.0
aves_aa_4R_auth_0361,"riffe, adam",personne,2.0
aves_aa_4R_auth_0362,"bischoff, johanns",personne,
aves_aa_4R_auth_0363,"siffermann, ",personne,
aves_aa_4R_auth_0364,"rotgebe, jacob",personne,1.0
aves_aa_4R_auth_0365,"ammelung, johanns",personne,4.0
aves_aa_4R_auth_0366,"hellen, zur, johanns",personne,
aves_aa_4R_auth_0367,"egen, claus",personne,
aves_aa_4R_auth_0368,"büttener, claus",personne,
aves_aa_4R_auth_0369,"rohrer, peter",personne,0.0
aves_aa_4R_auth_0370,"messer, johanns",personne,
aves_aa_4R_auth_0371,"hochfelden, von, walther",personne,
aves_aa_4R_auth_0372,"voltz, küntz",personne,
aves_aa_4R_auth_0373,gebhart,personne,4.0
aves_aa_4R_auth_0374,"ruhlmann, claus",personne,
aves_aa_4R_auth_0375,"wingersheim, dielmann",personne,
aves_aa_4R_auth_0376,michel,personne,
aves_aa_4R_auth_0377,"volmar, fritsch",personne,4.0
aves_aa_4R_auth_0378,"reimbolt, reimbolt, judengasse, in",personne,
aves_aa_4R_auth_0379,"müsinger, johanns",personne,
aves_aa_4R_auth_0380,"messerer, johanns, der junge",personne,
aves_aa_4R_auth_0381,"villinger, bertsch",personne,
aves_aa_4R_auth_0382,"peter, gerichte, bei dem",personne,
aves_aa_4R_auth_0383,"voltz, peter",personne,0.0
aves_aa_4R_auth_0384,"berse, von, johanns",personne,1.0
aves_aa_4R_auth_0385,"wangen, von, johanns",personne,
aves_aa_4R_auth_0386,"kücheler, bartholomeus",personne,
aves_aa_4R_auth_0387,"messner, andres",personne,4.0
aves_aa_4R_auth_0388,"meiger, johanns",personne,
aves_aa_4R_auth_0389,"regisheim, claus",personne,
aves_aa_4R_auth_0390,"hüter, marx",personne,
aves_aa_4R_auth_0391,"grünwalt, walther",personne,
aves_aa_4R_auth_0392,"schindeler, küntz",personne,
aves_aa_4R_auth_0393,"herde, von, andres",personne,
aves_aa_4R_auth_0394,"bergheim, von, hug",personne,
aves_aa_4R_auth_0395,"altheim, küntz",personne,
aves_aa_4R_auth_0396,"müller, thoman",personne,
aves_aa_4R_auth_0397,"happmacher, jacob",personne,
aves_aa_4R_auth_0398,"leimer, heinrich",personne,0.0
aves_aa_4R_auth_0399,"lahr, von, johanns",personne,4.0
aves_aa_4R_auth_0400,"dreitzehn, reimbolt",personne,
aves_aa_4R_auth_0401,"morsmünster, von, claus",personne,
aves_aa_4R_auth_0402,"gerlach, ",personne,
aves_aa_4R_auth_0403,"diener, claus",personne,
aves_aa_4R_auth_0404,"dusche, fritsch",personne,
aves_aa_4R_auth_0405,"bernhart, kurbengasse, in",personne,
aves_aa_4R_auth_0406,"hühnerer, küntz",personne,
aves_aa_4R_auth_0407,"henneckin, johanns",personne,0.0
aves_aa_4R_auth_0408,"schertzheim, jerge",personne,0.0
aves_aa_4R_auth_0409,"messner, wernher",personne,
aves_aa_4R_auth_0410,"ricker, claus",personne,
aves_aa_4R_auth_0411,"dreitzehn, jerge",personne,0.0
aves_aa_4R_auth_0412,"weipolt, johanns",personne,1.0
aves_aa_4R_auth_0413,"mentz, von, küntz, duchscherer",personne,4.0
aves_aa_4R_auth_0414,"seltz, von, johanns",personne,
aves_aa_4R_auth_0415,"berse, von, lexius",personne,
aves_aa_4R_auth_0416,"meiger, heinrich",personne,
aves_aa_4R_auth_0417,"ludemann, claus",personne,
aves_aa_4R_auth_0418,"bleiweger, diebolt",personne,
aves_aa_4R_auth_0419,"sifrit, werde, uff dem",personne,
aves_aa_4R_auth_0420,"brant, lauwel",personne,
aves_aa_4R_auth_0421,"rohrer, marx",personne,4.0
aves_aa_4R_auth_0422,"koch, johanns, der alte",personne,4.0
aves_aa_4R_auth_0423,"haffener, sixt",personne,0.0
aves_aa_4R_auth_0424,"hettemann, johanns",personne,2.0
aves_aa_4R_auth_0425,"kempf, claus",personne,1.0
aves_aa_4R_auth_0426,"bitsch, johanns",personne,0.0
aves_aa_4R_auth_0427,"klein, johanns",personne,4.0
aves_aa_4R_auth_0428,"windeck, heinrich",personne,
aves_aa_4R_auth_0429,"desche, heinrich",personne,
aves_aa_4R_auth_0430,"kiebel, johanns",personne,
aves_aa_4R_auth_0431,"speich, andres",personne,
aves_aa_4R_auth_0432,"pfaffe, claus",personne,4.0
aves_aa_4R_auth_0433,"konrat, münster, vor dem",personne,
aves_aa_4R_auth_0434,"binnting, walther",personne,
aves_aa_4R_auth_0435,gabriel,personne,
aves_aa_4R_auth_0436,"meister, johanns",personne,
aves_aa_4R_auth_0437,"dahlheim, heinrich",personne,
aves_aa_4R_auth_0438,"bergheim, von, johanns, der junge",personne,0.0
aves_aa_4R_auth_0439,"leutesheim, johanns",personne,0.0
aves_aa_4R_auth_0440,"wolff, johanns",personne,0.0
aves_aa_4R_auth_0441,"barpfennig, marx",personne,0.0
aves_aa_4R_auth_0442,"lamperter, johanns",personne,
aves_aa_4R_auth_0443,"kücheler, claus",personne,0.0
aves_aa_4R_auth_0444,"rohr, von, claus",personne,
aves_aa_4R_auth_0445,"klaue, jacob",personne,1.0
aves_aa_4R_auth_0446,"diebolt, peter",personne,
aves_aa_4R_auth_0447,"schüffel, heintz, eber, zum",personne,
aves_aa_4R_auth_0448,"girbaden, johanns",personne,0.0
aves_aa_4R_auth_0449,"lang, johanns",personne,
aves_aa_4R_auth_0450,"paulus, johanns",personne,1.0
aves_aa_4R_auth_0451,"kress, konrat",personne,
aves_aa_4R_auth_0452,"bidermann, claus",personne,1.0
aves_aa_4R_auth_0453,"winsticher, erhart",personne,1.0
aves_aa_4R_auth_0454,"schlempe, heinrich",personne,0.0
aves_aa_4R_auth_0455,"sporer, jacob",personne,4.0
aves_aa_4R_auth_0456,"lang, claus",personne,0.0
aves_aa_4R_auth_0457,"wile, von, sifrit",personne,
aves_aa_4R_auth_0458,"rippel, michel",personne,4.0
aves_aa_4R_auth_0459,"reimbolt, johanns",personne,
aves_aa_4R_auth_0460,"peter, johanns",personne,4.0
aves_aa_4R_auth_0461,"siffermann, burkhart",personne,4.0
aves_aa_4R_auth_0462,"hebnagel, johanns",personne,0.0
aves_aa_4R_auth_0463,"haffener, jacob",personne,0.0
aves_aa_4R_auth_0464,"herbst, peter",personne,4.0
aves_aa_4R_auth_0465,"fuchs, oberlin",personne,
aves_aa_4R_auth_0466,"lampertheim, von, ulrich",personne,4.0
aves_aa_4R_auth_0467,"dingsheim, johanns",personne,1.0
aves_aa_4R_auth_0468,"bösch, bechtolt",personne,
aves_aa_4R_auth_0469,"altzheim, von, johanns",personne,1.0
aves_aa_4R_auth_0470,"rohr, von, peter",personne,1.0
aves_aa_4R_auth_0471,"michel, sankt-stefans plan, auf",personne,0.0
aves_aa_4R_auth_0472,"rhinau, johanns",personne,
aves_aa_4R_auth_0473,"freund, claus",personne,1.0
aves_aa_4R_auth_0474,"brechter, bechtolt",personne,
aves_aa_4R_auth_0475,"leistmann, dietrich",personne,0.0
aves_aa_4R_auth_0476,götze,personne,
aves_aa_4R_auth_0477,"hechde, johanns",personne,4.0
aves_aa_4R_auth_0478,"duntzenheim, claus",personne,4.0
aves_aa_4R_auth_0479,"diebolt, johanns",personne,0.0
aves_aa_4R_auth_0480,"hirtzfelder, johanns",personne,4.0
aves_aa_4R_auth_0481,"träger, johanns",personne,1.0
aves_aa_4R_auth_0482,"sturm, erhart",personne,
aves_aa_4R_auth_0483,sigel,personne,
aves_aa_4R_auth_0484,"herrenstein, johanns",personne,
aves_aa_4R_auth_0485,"mommenheim, von, jacob",personne,
aves_aa_4R_auth_0486,"wernher, steinstrasse, an der",personne,1.0
aves_aa_4R_auth_0487,"bösch, friedrich",personne,0.0
aves_aa_4R_auth_0488,"rippel, michel, der junge",personne,3.0
aves_aa_4R_auth_0489,"johanns, hirtz, zum",personne,
aves_aa_4R_auth_0490,"schnabel, heinrich",personne,0.0
aves_aa_4R_auth_0491,"lamprecht, peter",personne,0.0
aves_aa_4R_auth_0492,"oberkirch, von, johanns",personne,
aves_aa_4R_auth_0493,"trachenfeils, johanns",personne,3.0
aves_aa_4R_auth_0494,"könig, claus",personne,4.0
aves_aa_4R_auth_0495,"seger, johanns",personne,4.0
aves_aa_4R_auth_0496,"liebkint, oberlin",personne,0.0
aves_aa_4R_auth_0497,"ernoltzheim, von, claus",personne,
aves_aa_4R_auth_0498,"böschwiller, claus",personne,0.0
aves_aa_4R_auth_0499,"ettenheim, von, mathis",personne,0.0
aves_aa_4R_auth_0500,"meiger, heinrich",personne,1.0
aves_aa_4R_auth_0501,"berner, frantz",personne,0.0
aves_aa_4R_auth_0502,"birbaum, heinrich",personne,1.0
aves_aa_4R_auth_0503,"steinstrasse, an der, khurin, steinstrasse, an der",personne,
aves_aa_4R_auth_0504,"graff, anshelm",personne,4.0
aves_aa_4R_auth_0505,"spiegel, johanns",personne,3.0
aves_aa_4R_auth_0506,"brant, diebolt",personne,3.0
aves_aa_4R_auth_0507,"gerbot, peter",personne,4.0
aves_aa_4R_auth_0508,"klein, johanns",personne,
aves_aa_4R_auth_0509,"betscholt, wilhelm",personne,3.0
aves_aa_4R_auth_0510,"baumgarter, erhart",personne,1.0
aves_aa_4R_auth_0511,"zerig, sifrit",personne,1.0
aves_aa_4R_auth_0512,"lahr, von, mathis",personne,
aves_aa_4R_auth_0513,"ott, johanns",personne,0.0
aves_aa_4R_auth_0514,"stumpf, johanns",personne,4.0
aves_aa_4R_auth_0515,"fachmann, claus",personne,0.0
aves_aa_4R_auth_0516,"molsheim, von, johanns, der junge",personne,0.0
aves_aa_4R_auth_0517,"klaumann, claus",personne,
aves_aa_4R_auth_0518,"spielmann, johanns",personne,3.0
aves_aa_4R_auth_0519,"schwencker, johanns",personne,1.0
aves_aa_4R_auth_0520,"dürningen, von, sigel",personne,4.0
aves_aa_4R_auth_0521,"klige, küntz",personne,1.0
aves_aa_4R_auth_0522,"wormser, jacob",personne,3.0
aves_aa_4R_auth_0523,"berse, von, konrat",personne,0.0
aves_aa_4R_auth_0524,"brettler, johanns",personne,1.0
aves_aa_4R_auth_0525,"odratzheim, johanns",personne,
aves_aa_4R_auth_0526,"issenhausen, von, erhart",personne,0.0
aves_aa_4R_auth_0527,"zabern, von, sifrit",personne,1.0
aves_aa_4R_auth_0528,"spirer, diebolt",personne,1.0
aves_aa_4R_auth_0529,"freiburger, jacob",personne,0.0
aves_aa_4R_auth_0530,"hage, walther, kettener, zum",personne,
aves_aa_4R_auth_0531,"kork, von, peter",personne,3.0
aves_aa_4R_auth_0532,"schuttern, von, wilhelm",personne,0.0
aves_aa_4R_auth_0533,"gemersheim, von, johanns",personne,
aves_aa_4R_auth_0534,"meistersheim, johanns",personne,0.0
aves_aa_4R_auth_0535,"wormser, völtz",personne,1.0
aves_aa_4R_auth_0536,"walt, johanns",personne,1.0
aves_aa_4R_auth_0537,"schmalriem, adolff",personne,0.0
aves_aa_4R_auth_0538,"hirt, johanns",personne,0.0
aves_aa_4R_auth_0539,"brümath, von, peter",personne,0.0
aves_aa_4R_auth_0540,"sasbach, konrat",personne,0.0
aves_aa_4R_auth_0541,"hesse, johanns",personne,
aves_aa_4R_auth_0542,"hügeler, bechtolt",personne,0.0
aves_aa_4R_auth_0543,"happmacher, andres",personne,0.0
aves_aa_4R_auth_0544,"haslach von, mathis",personne,0.0
aves_aa_4R_auth_0545,"holtzhauser, heintz",personne,1.0
aves_aa_4R_auth_0546,"minner, johanns",personne,1.0
aves_aa_4R_auth_0547,"lumbart, stefan",personne,0.0
aves_aa_4R_auth_0548,"wissensee, claus",personne,3.0
aves_aa_4R_auth_0549,"melbrühe, johanns",personne,3.0
aves_aa_4R_auth_0550,"andres, pfennigturm, vor dem",personne,0.0
aves_aa_4R_auth_0551,"seidenfaden, friedrich",personne,1.0
aves_aa_4R_auth_0552,"claus, johanns",personne,1.0
aves_aa_4R_auth_0553,"gottfriet, fritsch",personne,0.0
aves_aa_4R_auth_0554,"baumgarter, claus",personne,
aves_aa_4R_auth_0555,"weidemann, johanns",personne,1.0
aves_aa_4R_auth_0556,"armbruster, johanns, brantgasse, in",personne,0.0
aves_aa_4R_auth_0557,"studel, johanns",personne,1.0
aves_aa_4R_auth_0558,"schlettstadt, von, johanns",personne,0.0
aves_aa_4R_auth_0559,"trachenfeils, diebolt",personne,0.0
aves_aa_4R_auth_0560,"barpfennig, rudolff",personne,0.0
aves_aa_4R_auth_0561,"reimbolt, diebolt",personne,
aves_aa_4R_auth_0562,"bellheim, von, claus",personne,0.0
aves_aa_4R_auth_0563,"brettler, heinrich",personne,
aves_aa_4R_auth_0564,"kriegsheim, claus",personne,0.0
aves_aa_4R_auth_0565,"pfaffe, johanns",personne,
aves_aa_4R_auth_0566,"wile, von, johanns",personne,1.0
aves_aa_4R_auth_0567,"molsheim, von, johanns",personne,0.0
aves_aa_4R_auth_0568,"förster, symont",personne,3.0
aves_aa_4R_auth_0569,"sachsen, stefan",personne,0.0
aves_aa_4R_auth_0570,"dürr, walther",personne,3.0
aves_aa_4R_auth_0571,"vendenheim, johanns, der alte",personne,3.0
aves_aa_4R_auth_0572,"trüchtersheim, von, eberhart",personne,0.0
aves_aa_4R_auth_0573,"molsheim, von, michel",personne,
aves_aa_4R_auth_0574,"spirer, johanns",personne,1.0
aves_aa_4R_auth_0575,"griffe, heinrich",personne,1.0
aves_aa_4R_auth_0576,"lusche, claus",personne,0.0
aves_aa_4R_auth_0577,"wurtzgarten, johanns",personne,0.0
aves_aa_4R_auth_0578,"seiler, zum, johanns",personne,
aves_aa_4R_auth_0579,"bellheim, von, jacob",personne,0.0
aves_aa_4R_auth_0580,"schnabel, heinrich",personne,
aves_aa_4R_auth_0581,"bisinger, heinrich",personne,
aves_aa_4R_auth_0582,"ganser, michel",personne,0.0
aves_aa_4R_auth_0583,"müseler, reimbolt",personne,1.0
aves_aa_4R_auth_0584,"götze, johanns",personne,0.0
aves_aa_4R_auth_0585,"ross, johanns",personne,
aves_aa_4R_auth_0586,"mönchelin, bernhart",personne,
aves_aa_4R_auth_0587,"thann, von, johanns",personne,0.0
aves_aa_4R_auth_0588,"klammann, oswalt",personne,
aves_aa_4R_auth_0589,"rhein, zum, johanns",personne,
aves_aa_4R_auth_0590,"kiebel, ulrich",personne,1.0
aves_aa_4R_auth_0591,"riffe, konrat",personne,
aves_aa_4R_auth_0592,"erfurt, von, claus",personne,0.0
aves_aa_4R_auth_0593,"geispoltzheim, von, wilhelm",personne,0.0
aves_aa_4R_auth_0594,"zweibrücken, von, johanns",personne,
aves_aa_4R_auth_0595,"ernst, martin",personne,1.0
aves_aa_4R_auth_0596,"trense, johanns",personne,
aves_aa_4R_auth_0597,"sundheim, michel",personne,0.0
aves_aa_4R_auth_0598,"hettemann, diebolt",personne,
aves_aa_4R_auth_0599,"wormser, bernhart",personne,
aves_aa_4R_auth_0600,"bruder, stoffelus",personne,1.0
aves_aa_4R_auth_0601,"kacheler, friedrich",personne,1.0
aves_aa_4R_auth_0602,"hüss, johanns",personne,0.0
aves_aa_4R_auth_0603,"doppeler, caspar",personne,
aves_aa_4R_auth_0604,"bosterer, johanns",personne,
aves_aa_4R_auth_0605,"löwe, jacob",personne,0.0
aves_aa_4R_auth_0606,"schiltigheim, von, andres",personne,
aves_aa_4R_auth_0607,"dreitzehn, claus",personne,
aves_aa_4R_auth_0608,"hartung, johanns",personne,
aves_aa_4R_auth_0609,"ersam, johanns",personne,0.0
aves_aa_4R_auth_0610,"marckoltzheim, von, johanns",personne,
aves_aa_4R_auth_0611,"waldener, jacob",personne,
aves_aa_4R_auth_0612,"ackerfuss, claus",personne,
aves_aa_4R_auth_0613,"hage, jacob",personne,1.0
aves_aa_4R_auth_0614,"heiligenstein, von, anthenie",personne,
aves_aa_4R_auth_0615,"joham, konrat",personne,
aves_aa_4R_auth_0616,"hertzog, johanns",personne,
aves_aa_4R_auth_0617,"ersam, johanns",personne,
aves_aa_4R_auth_0618,"ammeler, ebelin",personne,
aves_aa_4R_auth_0619,"voltz, johanns",personne,
aves_aa_4R_auth_0620,"nüger, claus",personne,
aves_aa_4R_auth_0621,"kacheler, johanns",personne,
aves_aa_4R_auth_0622,"holniet, johanns",personne,
aves_aa_4R_auth_0623,"doppeler, johanns-jerge",personne,
aves_aa_4R_auth_0624,"münster, heinrich",personne,
aves_aa_4R_auth_0625,"wentscher, johanns",personne,
aves_aa_4R_auth_0626,"berner, peter",personne,0.0
aves_aa_4R_auth_0627,"dossenheim, claus",personne,
aves_aa_4R_auth_0628,"bülher, johanns",personne,
aves_aa_4R_auth_0629,"ostertag, völtz",personne,
aves_aa_4R_auth_0630,"neuenburg, von der, johanns",personne,0.0
aves_aa_4R_auth_0631,"frank, johanns",personne,0.0
aves_aa_4R_auth_0632,"pfaffenheim, sifrit",personne,
aves_aa_4R_auth_0633,"bitsch, claus",personne,
aves_aa_4R_auth_0634,"barpfennig, rudolff",personne,
aves_aa_4R_auth_0635,"messerschmit, johanns-erhart",personne,
aves_aa_4R_auth_0636,"krosswiller, johanns",personne,
aves_aa_4R_auth_0637,"lohel, burkhart",personne,
aves_aa_4R_auth_0638,"metziger, heinrich",personne,
aves_aa_4R_auth_0639,"wolff, jerge",personne,0.0
aves_aa_4R_auth_0640,"gengenbach, von, claus",personne,
aves_aa_4R_auth_0641,"nordhausen, von, johanns",personne,0.0
aves_aa_4R_auth_0642,"berse, von, claus",personne,
aves_aa_4R_auth_0643,"vetter, jerge",personne,
aves_aa_4R_auth_0644,"beingewant, claus",personne,
aves_aa_4R_auth_0645,"lahr, von, johanns",personne,
aves_aa_4R_auth_0646,"lamb, bechtolt",personne,0.0
aves_aa_4R_auth_0647,"scheubelin, peter",personne,
aves_aa_4R_auth_0648,"umb und umb, johanns",personne,
aves_aa_4R_auth_0649,"recker, ulrich",personne,
aves_aa_4R_auth_0650,"gemersheim, von, andres",personne,1.0
aves_aa_4R_auth_0651,"keinne, bechtolt",personne,
aves_aa_4R_auth_0652,"stange, erhart",personne,0.0
aves_aa_4R_auth_0653,"diebolt, johanns",personne,
aves_aa_4R_auth_0654,"barre, von, claus",personne,0.0
aves_aa_4R_auth_0655,"renner, claus",personne,
aves_aa_4R_auth_0656,"jungeling, heinrich",personne,
aves_aa_4R_auth_0657,"reimbolt, oberlin",personne,
aves_aa_4R_auth_0658,"vendenheim, claus",personne,0.0
aves_aa_4R_auth_0659,"sankt-arbogast, ulrich",personne,
aves_aa_4R_auth_0660,"herbst, claus",personne,
aves_aa_4R_auth_0661,"arge, peter",personne,1.0
aves_aa_4R_auth_0662,"burer, ulrich",personne,
aves_aa_4R_auth_0663,"offenburg, götze",personne,0.0
aves_aa_4R_auth_0664,"wingersheim, stefan",personne,
aves_aa_4R_auth_0665,"freiburger, jacob",personne,
aves_aa_4R_auth_0666,"bösch, engelhart",personne,
aves_aa_4R_auth_0667,"ammelung, jacob",personne,0.0
aves_aa_4R_auth_0668,"wolff, claus",personne,
aves_aa_4R_auth_0669,"fegersheim, johanns",personne,0.0
aves_aa_4R_auth_0670,"wolff, friedrich",personne,
aves_aa_4R_auth_0671,"brüchelin, johanns-diebolt",personne,
aves_aa_4R_auth_0672,"ernoltzheim, von, claus",personne,0.0
aves_aa_4R_auth_0673,"bergheim, von, johanns",personne,0.0
aves_aa_4R_auth_0674,"betscholt, friedrich",personne,
aves_aa_4R_auth_0675,"rippel, michel",personne,
aves_aa_4R_auth_0676,"vogt, walther",personne,
aves_aa_4R_auth_0677,"schultheiss, claus, wein-und-brot",personne,
aves_aa_4R_auth_0678,"graff, johanns",personne,
aves_aa_4R_auth_0679,"worms, von, claus",personne,
aves_aa_4R_auth_0680,"dürningen, von, wernher",personne,
aves_aa_4R_auth_0681,"steinhart, johanns",personne,
aves_aa_4R_auth_0682,"desche, johanns-heinrich",personne,
aves_aa_4R_auth_0683,"rippel, bernhart",personne,
aves_aa_4R_auth_0684,"dolle, bechtolt",personne,
aves_aa_4R_auth_0685,"helwig, sifrit",personne,
aves_aa_4R_auth_0686,"wolle, claus",personne,
aves_aa_4R_auth_0687,"lot, peter",personne,
aves_aa_4R_auth_0688,"ehenheim, von, veltin",personne,
aves_aa_4R_auth_0689,"ziegler, claus",personne,
aves_aa_4R_auth_0690,"hennenberg, diebolt",personne,
aves_aa_4R_auth_0691,"schiesel, peter",personne,
aves_aa_4R_auth_0692,"herbst, johanns",personne,
aves_aa_4R_auth_0693,"dalheim, von, johanns",personne,
aves_aa_4R_auth_0694,"klige, konrat",personne,
aves_aa_4R_auth_0695,"duntzenheim, konrat",personne,
aves_aa_4R_auth_0696,"schlecht, johanns",personne,
aves_aa_4R_auth_0697,"brant, johanns, spirer",personne,
aves_aa_4R_auth_0698,"scholle, bernhart",personne,
aves_aa_4R_auth_0699,"bintz, claus",personne,1.0
aves_aa_4R_auth_0700,"schertzheim, johanns",personne,
aves_aa_4R_auth_0701,"illkirch, von, laurentz",personne,
aves_aa_4R_auth_0702,"ingolt, claus",personne,
aves_aa_4R_auth_0703,"schnell, peter",personne,
aves_aa_4R_auth_0704,"leitgast, johanns",personne,
aves_aa_4R_auth_0705,"frankenheim, ludwig",personne,
aves_aa_4R_auth_0706,"scherer, bernhart",personne,
aves_aa_4R_auth_0707,"volmar, thoman",personne,
aves_aa_4R_auth_0708,"leitgast, claus",personne,
aves_aa_4R_auth_0709,"volk, andres",personne,
aves_aa_4R_auth_0710,"arge, heinrich",personne,
aves_aa_4R_auth_0711,"gries, peter",personne,
aves_aa_4R_auth_0712,"dalheim, von, johanns",personne,1.0
aves_aa_4R_auth_0713,"armbruster, johanns, pfennigturm, vor dem",personne,
aves_aa_4R_auth_0714,"kannengiesser, ludwig",personne,
aves_aa_4R_auth_0715,"bisinger, heinrich",personne,1.0
aves_aa_4R_auth_0716,"bitsch, konrat",personne,
aves_aa_4R_auth_0717,"schoffmeiger, claus",personne,
aves_aa_4R_auth_0718,"spitznagel, lienhart",personne,
aves_aa_4R_auth_0719,"ammelung, jacob",personne,
aves_aa_4R_auth_0720,"messner, adam",personne,
aves_aa_4R_auth_0721,"bösch, claus",personne,
aves_aa_4R_auth_0722,"weipolt, adam",personne,
aves_aa_4R_auth_0723,"gisebrecht, jacob",personne,
aves_aa_4R_auth_0724,"habermüller, claus",personne,
aves_aa_4R_auth_0725,"seelig, andres",personne,
aves_aa_4R_auth_0726,"kniebes, claus",personne,
aves_aa_4R_auth_0727,"weidlich, claus",personne,
aves_aa_4R_auth_0728,"wirich, claus",personne,
aves_aa_4R_auth_0729,"molsheim, von, konrat",personne,
aves_aa_4R_auth_0730,"medinger, heinrich",personne,
aves_aa_4R_auth_0731,"odratzheim, von, johanns",personne,
aves_aa_4R_auth_0732,"rohr, von, walther",personne,
aves_aa_4R_auth_0733,"brümath, von, marx",personne,
aves_aa_4R_auth_0734,"meiger, johanns",personne,
aves_aa_4R_auth_0735,"hüss, johanns",personne,
aves_aa_4R_auth_0736,"schott, peter",personne,
aves_aa_4R_auth_0737,"baltener, diebolt",personne,
aves_aa_4R_auth_0738,"olwisheim, von, peter",personne,
aves_aa_4R_auth_0739,"rastetten, von, marx",personne,
aves_aa_4R_auth_0740,"rotschilt, wilhelm",personne,1.0
aves_aa_4R_auth_0741,"allewelt, bernhart",personne,
aves_aa_4R_auth_0742,"lamprecht, jacob",personne,
aves_aa_4R_auth_0743,"morsmünster, von, ulrich",personne,
aves_aa_4R_auth_0744,"olwisheim, von, peter",personne,
aves_aa_4R_auth_0745,"rörich, claus",personne,
aves_aa_4R_auth_0746,"riber, claus",personne,
aves_aa_4R_auth_0747,"ganther, johanns",personne,
aves_aa_4R_auth_0748,"issenhausen, von, claus",personne,
aves_aa_4R_auth_0749,"brant, johanns, spirer",personne,
aves_aa_4R_auth_0750,"stange, gilge",personne,0.0
aves_aa_4R_auth_0751,"gosse, johanns",personne,
aves_aa_4R_auth_0752,"hage, jacob",personne,
aves_aa_4R_auth_0753,"ruhlmann, kühne",personne,
aves_aa_4R_auth_0754,"berse, von, johanns",personne,
aves_aa_4R_auth_0755,"kerling, marx",personne,
aves_aa_4R_auth_0756,"bir, claus",personne,
aves_aa_4R_auth_0757,"hage, frantz",personne,
aves_aa_4R_auth_0758,"bitsch, von, konrat",personne,
aves_aa_4R_auth_0759,"ersam, andres",personne,
aves_aa_4R_auth_0760,"brachenheim, von, peter",personne,
aves_aa_4R_auth_0761,"bisinger, johanns",personne,
aves_aa_4R_auth_0762,"hegel, heinrich",personne,
aves_aa_4R_auth_0763,"sarburg, von, peter",personne,
aves_aa_4R_auth_0764,"bisinger, heinrich",personne,
aves_aa_4R_auth_0765,"bietenheim, sifrit",personne,
aves_aa_4R_auth_0766,"lehmann, martin",personne,
aves_aa_4R_auth_0767,"spiess, hilarius",personne,
aves_aa_4R_auth_0768,"ottemann, diebolt",personne,
aves_aa_4R_auth_0769,"offenburg, bechtolt",personne,
aves_aa_4R_auth_0770,"sanselmann, anthenie",personne,
aves_aa_4R_auth_0771,"säckingen, von, johanns",personne,
aves_aa_4R_auth_0772,"schedeler, johanns",personne,
aves_aa_4R_auth_0773,"trachenfeils, mattern",personne,
aves_aa_4R_auth_0774,"gemersheim, von, laurentz",personne,
aves_aa_4R_auth_0775,"villinger, erhart",personne,1.0
aves_aa_4R_auth_0776,"duntzenheim, von, symont",personne,
aves_aa_4R_auth_0777,"hug, burkhart",personne,
aves_aa_4R_auth_0778,"weldel, johanns",personne,
aves_aa_4R_auth_0779,"meiger, johanns",personne,
aves_aa_4R_auth_0780,"berlin, johanns",personne,
aves_aa_4R_auth_0781,"renner, claus",personne,
aves_aa_4R_auth_0782,"zabern, von, ulrich",personne,
aves_aa_4R_auth_0783,"ammeister, lienhart",personne,
aves_aa_4R_auth_0784,"wolffach, konrat",personne,
aves_aa_4R_auth_0785,"hüss, jerge",personne,
aves_aa_4R_auth_0786,"sivester, johanns",personne,
aves_aa_4R_auth_0787,"müge, jacob",personne,
aves_aa_4R_auth_0788,"westhoffen, claus",personne,
aves_aa_4R_auth_0789,"grewalt, michel",personne,
aves_aa_4R_auth_0790,"raubel, martin",personne,
aves_aa_4R_auth_0791,"pfeffinger, bernhart",personne,
aves_aa_4R_auth_0792,"slapp, johanns",personne,
aves_aa_4R_auth_0793,"kochersberg, erhart",personne,
aves_aa_4R_auth_0794,"reck, diebolt",personne,
aves_aa_4R_auth_0795,"burkhart, johanns",personne,
aves_aa_4R_auth_0796,"rebestock, fritsch",personne,
aves_aa_4R_auth_0797,"scholle, johanns",personne,
aves_aa_4R_auth_0798,"andlau, von, peter",personne,
aves_aa_4R_auth_0799,"duntzenheim, claus",personne,
aves_aa_4R_auth_0800,"hungerstein, konrat",personne,
aves_aa_4R_auth_0801,"vogelsberg, bechtolt",personne,
aves_aa_4R_auth_0802,"peter, mathis, sankt-arbogast, von",personne,
aves_aa_4R_auth_0803,"meiger, johanns",personne,
aves_aa_4R_auth_0804,"ersam, claus",personne,
aves_aa_4R_auth_0805,"molsheim, von, peter",personne,
aves_aa_4R_auth_0806,"riffe, johanns, der junge",personne,
aves_aa_4R_auth_0807,"brun, claus",personne,
aves_aa_4R_auth_0808,"schott, heinrich",personne,
aves_aa_4R_auth_0809,"büre, von, oberlin",personne,
aves_aa_4R_auth_0810,"mennichin, johanns",personne,
aves_aa_4R_auth_0811,"ducheler, johanns",personne,
aves_aa_4R_auth_0812,"ruhlmann, johanns",personne,
aves_aa_4R_auth_0813,"armbruster, konrat",personne,
aves_aa_4R_auth_0814,"seebott, ulrich",personne,
aves_aa_4R_auth_0815,"trüchtersheim, von, johanns",personne,
aves_aa_4R_auth_0816,"wachenheimer, peter",personne,
aves_aa_4R_auth_0817,"ulrich, wilhelm",personne,
aves_aa_4R_auth_0818,"seelig, khurin",personne,
aves_aa_4R_auth_0819,"scholle, konrat",personne,
aves_aa_4R_auth_0820,"rottweil, von, johanns-erhart",personne,
aves_aa_4R_auth_0821,"hohenburg, von, götze",personne,
aves_aa_4R_auth_0822,"frankfurt, von, johanns",personne,
aves_aa_4R_auth_0823,"müller, heinrich",personne,
aves_aa_4R_auth_0824,"wehel, johanns",personne,
aves_aa_4R_auth_0825,"gisebrecht, erhart",personne,
aves_aa_4R_auth_0826,"bülle, johanns",personne,
aves_aa_4R_auth_0827,"rohrbosch, johanns",personne,
aves_aa_4R_auth_0828,"wile, von, konrat",personne,
aves_aa_4R_auth_0829,"morsmünster, von, peter",personne,
aves_aa_4R_auth_0830,"waldener, johanns",personne,
aves_aa_4R_auth_0831,"dahlheim, anthenie",personne,
aves_aa_4R_auth_0832,"beger, johanns",personne,
aves_aa_4R_auth_0833,"schwencker, heinrich",personne,
aves_aa_4R_auth_0834,"morsmünster, von, gangolff",personne,
aves_aa_4R_auth_0835,"happmacher, andres",personne,
aves_aa_4R_auth_0836,"burggraf, wirich",personne,
aves_aa_4R_auth_0837,"rebestock, marx",personne,
aves_aa_4R_auth_0838,"mornhinweg, johanns",personne,
aves_aa_4R_auth_0839,"hohenburg, von, götze",personne,
aves_aa_4R_auth_0840,"trüchtersheim, von, ruhlemann",personne,
aves_aa_4R_auth_0841,"meiger, jacob",personne,
aves_aa_4R_auth_0842,"flöss, johanns",personne,
aves_aa_4R_auth_0843,"trense, andres",personne,
aves_aa_4R_auth_0844,"duntzenheim, von, konrat",personne,
aves_aa_4R_auth_0845,"armbruster, obrecht",personne,
aves_aa_4R_auth_0846,"pfarrer, heinrich",personne,
aves_aa_4R_auth_0847,"vendenheim, laurentz",personne,
aves_aa_4R_auth_0848,"esslinger, matheus",personne,
aves_aa_4R_auth_0849,"ulrich, claus",personne,
aves_aa_4R_auth_0850,"jerger, johanns",personne,
aves_aa_4R_auth_0851,"wisebach, jacob",personne,
aves_aa_4R_auth_0852,"armbruster, konrat",personne,
aves_aa_4R_auth_0853,"trachenfeils, lienhart",personne,
aves_aa_4R_auth_0854,"storck, konrat",personne,
aves_aa_4R_auth_0855,"württemberg, johanns",personne,
aves_aa_4R_auth_0856,"fallwehenne, konrat",personne,
aves_aa_4R_auth_0857,"meiger, johanns",personne,
aves_aa_4R_auth_0858,"renner, peter",personne,
aves_aa_4R_auth_0859,"pfutzer, claus",personne,
aves_aa_4R_auth_0860,"hug, peter",personne,
aves_aa_4R_auth_0861,"dolde, blesin",personne,
aves_aa_4R_auth_0862,"bechtolt, claus",personne,
aves_aa_4R_auth_0863,"vetter, claus",personne,
aves_aa_4R_auth_0864,"rörich, johanns",personne,
aves_aa_4R_auth_0865,"dachstein, von, johanns",personne,
aves_aa_4R_auth_0866,"lötschel, claus",personne,
aves_aa_4R_auth_0867,"jerger, claus",personne,
aves_aa_4R_auth_0868,"rotschilt, stefan",personne,
aves_aa_4R_auth_0869,"burnherr, arbogast",personne,
aves_aa_4R_auth_0870,"volk, diebolt",personne,
aves_aa_4R_auth_0871,"müge, florentz",personne,
aves_aa_4R_auth_0872,"frank, johanns",personne,
aves_aa_4R_auth_0873,"friedrich, blesin",personne,
aves_aa_4R_auth_0874,"happmacher, andres",personne,
aves_aa_4R_auth_0875,"brümath, von, johanns",personne,
aves_aa_4R_auth_0876,"rummeler, florentz",personne,
aves_aa_4R_auth_0877,"pfutzer, mattern",personne,
aves_aa_4R_auth_0878,"missbach, johanns",personne,
aves_aa_4R_auth_0879,"dietrich, michel",personne,
aves_aa_4R_auth_0880,"krebs, peter",personne,
aves_aa_4R_auth_0881,"minner, veltin",personne,
aves_aa_4R_auth_0882,"gerbot, jacob",personne,
aves_aa_4R_auth_0883,"trachenfeils, andres",personne,
aves_aa_4R_auth_0884,"hannemann, johanns",personne,
aves_aa_4R_auth_0885,"heinrich, johanns",personne,
aves_aa_4R_auth_0886,"bilger, johanns",personne,
aves_aa_4R_auth_0887,"ingolt, heinrich",personne,
aves_aa_4R_auth_0888,"hohenburg, von, jerge",personne,
aves_aa_4R_auth_0889,"krug, claus",personne,
aves_aa_4R_auth_0890,"meiger, lexius",personne,
aves_aa_4R_auth_0891,"ebel, jerge",personne,
aves_aa_4R_auth_0892,"wangen, von, konrat",personne,
aves_aa_4R_auth_0893,"müseler, peter",personne,
aves_aa_4R_auth_0894,"wurm, jacob",personne,
aves_aa_4R_auth_0895,"wolff, lienhart",personne,
aves_aa_4R_auth_0896,"frank, johanns",personne,
aves_aa_4R_auth_0897,"freiburg, von, jost",personne,
aves_aa_4R_auth_0898,"martin, wein-und-brot",personne,
aves_aa_4R_auth_0899,"grimmel, kühne",personne,
aves_aa_4R_auth_0900,"heil, peter",personne,
aves_aa_4R_auth_0901,"rottweil, von, johanns-wilhelm",personne,
aves_aa_4R_auth_0902,"hochstett, von, johanns",personne,
aves_aa_4R_auth_0903,"löwe, konrat",personne,
aves_aa_4R_auth_0904,"russer, johanns",personne,
aves_aa_4R_auth_0905,"strubel, symont",personne,
aves_aa_4R_auth_0906,"konrat, johanns",personne,
aves_aa_4R_auth_0907,"stösser, johanns",personne,
aves_aa_4R_auth_0908,"merckel, jost",personne,
aves_aa_4R_auth_0909,"wolff, claus",personne,
aves_aa_4R_auth_0910,"ingolt, johanns",personne,
aves_aa_4R_auth_0911,"wernlin, claus",personne,
aves_aa_4R_auth_0912,"wingersheim, diebolt",personne,
aves_aa_4R_auth_0913,"slapp, bernhart",personne,
aves_aa_4R_auth_0914,"betscholt, diebolt",personne,
aves_aa_4R_auth_0915,"seebott, lamprecht",personne,
aves_aa_4R_auth_0916,"hungerstein, johanns",personne,
aves_aa_4R_auth_0917,"hüseler, rudolff",personne,
aves_aa_4R_auth_0918,"kupfer, johanns",personne,
aves_aa_4R_auth_0919,"riffe, jeronimus",personne,
aves_aa_4R_auth_0920,"küller, jacob",personne,
aves_aa_4R_auth_0921,"molsheim, von, jacob",personne,
aves_aa_4R_auth_0922,"büre, von, oberlin",personne,
aves_aa_4R_auth_0923,"kornman, thoman",personne,
aves_aa_4R_auth_0924,"lume, konrat",personne,
aves_aa_4R_auth_0925,"schwende, johanns, der junge",personne,
aves_aa_4R_auth_0926,"schwende, johanns, der junge",personne,
aves_aa_4R_auth_0927,"rüttel, jerge",personne,
aves_aa_4R_auth_0928,"arge, peter",personne,
aves_aa_4R_auth_0929,"riffe, jerge",personne,
aves_aa_4R_auth_0930,"schultheiss, martin, wein-und-brot",personne,
aves_aa_4R_auth_0931,"arbogast, johanns-claus",personne,
aves_aa_4R_auth_0932,"barpfennig, bartholomeus",personne,
aves_aa_4R_auth_0933,"renner, johanns, der junge",personne,1.0
aves_aa_4R_auth_0934,"koch, johanns, der junge",personne,0.0
aves_aa_4R_auth_0935,"wissemburg, johanns",personne,0.0
aves_aa_4R_auth_0936,"merckel, küntz",personne,0.0
aves_aa_4R_auth_0937,"jude, heintz",personne,0.0
aves_aa_4R_auth_0938,"zinsmeister, der",personne,0.0
aves_aa_4R_auth_0939,"rebe, lauwel",personne,0.0
aves_aa_4R_auth_0940,"schaffner, johanns",personne,0.0
aves_aa_4R_auth_0941,"schultheiss, pantheleon",personne,0.0
aves_aa_4R_auth_0942,"erbe, lauwel",personne,0.0
aves_aa_4R_auth_0943,"rebe, johanns",personne,0.0
aves_aa_4R_auth_0944,"kühne, ",personne,0.0
aves_aa_4R_auth_0945,"kühne, johanns",personne,0.0
aves_aa_4R_auth_0946,"lise, heinrich",personne,0.0
aves_aa_4R_auth_0947,"weiss, peter",personne,0.0
aves_aa_4R_auth_0948,"dietrich, diebolt",personne,0.0
aves_aa_4R_auth_0949,"jäger, johanns",personne,0.0
aves_aa_4R_auth_0950,"hirse, heintz",personne,0.0
aves_aa_4R_auth_0951,"scholle, bernhart",personne,0.0
aves_aa_4R_auth_0952,"säckingen, von, friedel",personne,0.0
aves_aa_4R_auth_0953,"wurant, claus",personne,0.0
aves_aa_4R_auth_0954,"mentzer, johanns",personne,0.0
aves_aa_4R_auth_0955,"köln, von, peter",personne,0.0
aves_aa_4R_auth_0956,"ofentürer, peter",personne,0.0
aves_aa_4R_auth_0957,"dundenheim, johanns",personne,0.0
aves_aa_4R_auth_0958,"dundenheim, peter",personne,0.0
aves_aa_4R_auth_0959,"marlenheim, von, diebolt",personne,0.0
aves_aa_4R_auth_0960,"volmar, jacob",personne,0.0
aves_aa_4R_auth_0961,"müseler, heinrich",personne,0.0
aves_aa_4R_auth_0962,"lugerlin, claus",personne,0.0
aves_aa_4R_auth_0963,"ackerfuss, claus",personne,0.0
aves_aa_4R_auth_0964,"dossenheim, claus",personne,0.0
aves_aa_4R_auth_0965,"stocker, heinrich",personne,0.0
aves_aa_4R_auth_0966,"molsheim, von, adam",personne,0.0
aves_aa_4R_auth_0967,"schaeffoltzheim, von, wilhelm",personne,0.0
aves_aa_4R_auth_0968,"hürtigheim, von, fritsch",personne,0.0
aves_aa_4R_auth_0969,"düringer, kühne, der alte",personne,0.0
aves_aa_4R_auth_0970,"düringer, kühne, der junge",personne,0.0
aves_aa_4R_auth_0971,"wantzen, von, jacob",personne,0.0
aves_aa_4R_auth_0972,"odratzheim, johanns",personne,0.0
aves_aa_4R_auth_0973,"steinbach, johanns",personne,0.0
aves_aa_4R_auth_0974,"weber, claus",personne,0.0
aves_aa_4R_auth_0975,"rohr, von, claus",personne,0.0
aves_aa_4R_auth_0976,"gunther, johanns",personne,0.0
aves_aa_4R_auth_0977,"metziger, peter",personne,0.0
aves_aa_4R_auth_0978,"willekin, florentz",personne,0.0
aves_aa_4R_auth_0979,"hell, veltin",personne,0.0
aves_aa_4R_auth_0980,"kreuznach, von, johanns",personne,0.0
aves_aa_4R_auth_0981,"lehmann, heinrich",personne,0.0
aves_aa_4R_auth_0982,"kannengiesser, claus",personne,0.0
aves_aa_4R_auth_0983,"mertz, krutenau, in",personne,0.0
aves_aa_4R_auth_0984,"anshelm, jerge",personne,0.0
aves_aa_4R_auth_0985,"neuwiller, johanns",personne,0.0
aves_aa_4R_auth_0986,"schlettstadt, von, johanns",personne,0.0
aves_aa_4R_auth_0987,"arge, peter",personne,0.0
aves_aa_4R_auth_0988,"klein, johanns",personne,0.0
aves_aa_4R_auth_0989,"hirtz, ",personne,0.0
aves_aa_4R_auth_0990,"mentz, von, claus",personne,0.0
aves_aa_4R_auth_0991,"molsheim, von, johanns",personne,0.0
aves_aa_4R_auth_0992,"glaser, ulrich",personne,0.0
aves_aa_4R_auth_0993,"glaser, herzog",personne,0.0
aves_aa_4R_auth_0994,"happmacher, fritsch",personne,0.0
aves_aa_4R_auth_0995,"molsheim, von, adam",personne,0.0
aves_aa_4R_auth_0996,"küntz, tröschen, zum",personne,0.0
aves_aa_4R_auth_0997,"sporer, johanns",personne,0.0
aves_aa_4R_auth_0998,"waldener, jacob",personne,0.0
aves_aa_4R_auth_0999,gilge,personne,0.0
aves_aa_4R_auth_1000,"genf, von, johanns",personne,0.0
aves_aa_4R_auth_1001,"rosegart, heinrich",personne,0.0
aves_aa_4R_auth_1002,"ehenheim, von, symont",personne,0.0
aves_aa_4R_auth_1003,"hensel, andres",personne,0.0
aves_aa_4R_auth_1004,"ehenheim, von, veltin",personne,0.0
aves_aa_4R_auth_1005,"westermann, martin",personne,0.0
aves_aa_4R_auth_1006,"dolde, lauwel",personne,0.0
aves_aa_4R_auth_1007,"gingsheim, johanns, sankt-elisabeth gasse, auf",personne,0.0
aves_aa_4R_auth_1008,"seelig, peter",personne,0.0
aves_aa_4R_auth_1009,martzolff,personne,0.0
aves_aa_4R_auth_1010,"neffe, johanns",personne,0.0
aves_aa_4R_auth_1011,"sant, von, diebolt",personne,0.0
aves_aa_4R_auth_1012,"molsheim, von, peter",personne,0.0
aves_aa_4R_auth_1013,"bernhart, rad, zum",personne,0.0
aves_aa_4R_auth_1014,"uttenheim, von, johanns",personne,0.0
aves_aa_4R_auth_1015,"peter, krone, zur",personne,0.0
aves_aa_4R_auth_1016,"worms, von, alhelm",personne,0.0
aves_aa_4R_auth_1017,"kipkorn, johanns",personne,0.0
aves_aa_4R_auth_1018,"eckendorf, heinrich",personne,0.0
aves_aa_4R_auth_1019,"dürningen, von, heinrich",personne,0.0
aves_aa_4R_auth_1020,"schrotbanck, ortlieb",personne,0.0
aves_aa_4R_auth_1021,"lautern, von, johanns",personne,0.0
aves_aa_4R_auth_1022,"mentz, von, kraft",personne,0.0
aves_aa_4R_auth_1023,"sundgau, von, johanns",personne,0.0
aves_aa_4R_auth_1024,"lembel, claus",personne,0.0
aves_aa_4R_auth_1025,"ohmeter, götze",personne,0.0
aves_aa_4R_auth_1026,"erstenberg, heinrich",personne,0.0
aves_aa_4R_auth_1027,"glockengiesser, johanns",personne,0.0
aves_aa_4R_auth_1028,"weisseisen, johanns",personne,0.0
aves_aa_4R_auth_1029,"adam, peter",personne,0.0
aves_aa_4R_auth_1030,"allewelt, johanns",personne,0.0
aves_aa_4R_auth_1031,"ludwig, fischmarkt, am",personne,0.0
aves_aa_4R_auth_1032,"stückgarter, bechtolt",personne,0.0
aves_aa_4R_auth_1033,"heiligenstein, von, richart",personne,0.0
aves_aa_4R_auth_1034,"stalle, johanns",personne,0.0
aves_aa_4R_auth_1035,"loteisen, jost",personne,0.0
aves_aa_4R_auth_1036,"schwartz, jeckel",personne,0.0
aves_aa_4R_auth_1037,veltin,personne,0.0
aves_aa_4R_auth_1038,rudolff,personne,0.0
aves_aa_4R_auth_1039,richart,personne,0.0
aves_aa_4R_auth_1040,"müsung, johanns",personne,0.0
aves_aa_4R_auth_1041,"claus, metzige, bei der",personne,0.0
aves_aa_4R_auth_1042,"heinrich, Sankt-martin, bei",personne,0.0
aves_aa_4R_auth_1043,"flach, oswalt",personne,0.0
aves_aa_4R_auth_1044,"üntzel, graben, auf dem",personne,0.0
aves_aa_4R_auth_1045,"andres, kürsener, unter",personne,0.0
aves_aa_4R_auth_1046,"lampertheim, von, claus",personne,0.0
aves_aa_4R_auth_1047,laurentz,personne,0.0
aves_aa_4R_auth_1048,"schaffner, jerge",personne,0.0
aves_aa_4R_auth_1049,"knapp, johanns",personne,0.0
aves_aa_4R_auth_1050,"hasenohr, bernhart",personne,0.0
aves_aa_4R_auth_1051,"bender, obrecht",personne,0.0
aves_aa_4R_auth_1052,"wile, von, reimbolt",personne,0.0
aves_aa_4R_auth_1053,"molsheim, von",personne,0.0
aves_aa_4R_auth_1054,"schmied, claus",personne,0.0
aves_aa_4R_auth_1055,"stumpf, adolff",personne,0.0
aves_aa_4R_auth_1056,"lehel, burkhart",personne,0.0
aves_aa_4R_auth_1057,"gunther, johanns",personne,0.0
aves_aa_4R_auth_1058,"johanns, komm nach hinten",personne,0.0
aves_aa_4R_auth_1059,"wangen, von, erhart",personne,0.0
aves_aa_4R_auth_1060,"hennenberg, johanns",personne,0.0
aves_aa_4R_auth_1061,"butte, lauwel",personne,0.0
aves_aa_4R_auth_1062,"ulrich, mathis",personne,0.0
aves_aa_4R_auth_1063,"röttel, johanns",personne,0.0
aves_aa_4R_auth_1064,"lehmann, johanns",personne,0.0
aves_aa_4R_auth_1065,"münch, dietrich",personne,0.0
aves_aa_4R_auth_1066,"bentz, lauwel",personne,0.0
aves_aa_4R_auth_1067,"reinhart, johanns",personne,0.0
aves_aa_4R_auth_1068,"fürsenbach, jacob",personne,0.0
aves_aa_4R_auth_1069,"kiebel, johanns",personne,0.0
aves_aa_4R_auth_1070,"fleisch, küntz, der alte",personne,0.0
aves_aa_4R_auth_1071,"drens, johanns",personne,0.0
aves_aa_4R_auth_1072,khurin,personne,0.0
aves_aa_4R_auth_1073,"kilwart, johanns, der junge",personne,0.0
aves_aa_4R_auth_1074,männel,personne,0.0
aves_aa_4R_auth_1075,"minner, johanns",personne,0.0
aves_aa_4R_auth_1076,"morung, johanns",personne,0.0
aves_aa_4R_auth_1077,"wildersinn, johanns",personne,0.0
aves_aa_4R_auth_1078,"lütolt, michel",personne,0.0
aves_aa_4R_auth_1079,"volmar, claus",personne,0.0
aves_aa_4R_auth_1080,sixt,personne,0.0
aves_aa_4R_auth_1081,"mittelhausen, veltin",personne,0.0
aves_aa_4R_auth_1082,"butze, johanns",personne,0.0
aves_aa_4R_auth_1083,"porte, johanns",personne,0.0
aves_aa_4R_auth_1084,"weidlich, ulrich",personne,0.0
aves_aa_4R_auth_1085,"rippel, bernhart",personne,0.0
aves_aa_4R_auth_1086,"grasseck, claus",personne,0.0
aves_aa_4R_auth_1087,"schwartz, konrat",personne,0.0
aves_aa_4R_auth_1088,"bergheim, von, johanns",personne,0.0
aves_aa_4R_auth_1089,"österreicher, claus",personne,0.0
aves_aa_4R_auth_1090,"österreicher, peter",personne,0.0
aves_aa_4R_auth_1091,"schmied, johanns",personne,0.0
aves_aa_4R_auth_1092,"wernlin, stoffelus",personne,0.0
aves_aa_4R_auth_1093,"hirt, johanns, der alte",personne,0.0
aves_aa_4R_auth_1094,"kibitz, heinrich",personne,0.0
aves_aa_4R_auth_1095,"schlettstadt, von, johanns",personne,0.0
aves_aa_4R_auth_1096,"vendenheim, johanns, brücken, zwischen",personne,
conseil_1400,conseil 1400,organisation,
conseil_1401,conseil 1401,organisation,
conseil_1402,conseil 1402,organisation,
conseil_1403,conseil 1403,organisation,
conseil_1404,conseil 1404,organisation,
conseil_1405,conseil 1405,organisation,
conseil_1406,conseil 1406,organisation,
conseil_1407,conseil 1407,organisation,
conseil_1408,conseil 1408,organisation,
conseil_1409,conseil 1409,organisation,
conseil_1410,conseil 1410,organisation,
conseil_1411,conseil 1411,organisation,
conseil_1412,conseil 1412,organisation,
conseil_1413,conseil 1413,organisation,
conseil_1414,conseil 1414,organisation,
conseil_1415,conseil 1415,organisation,
conseil_1416,conseil 1416,organisation,
conseil_1417,conseil 1417,organisation,
conseil_1418,conseil 1418,organisation,
conseil_1419,conseil 1419,organisation,
conseil_1420,conseil 1420,organisation,
conseil_1421,conseil 1421,organisation,
conseil_1422,conseil 1422,organisation,
conseil_1423,conseil 1423,organisation,
conseil_1424,conseil 1424,organisation,
conseil_1425,conseil 1425,organisation,
conseil_1426,conseil 1426,organisation,
conseil_1427,conseil 1427,organisation,
conseil_1428,conseil 1428,organisation,
conseil_1429,conseil 1429,organisation,
conseil_1430,conseil 1430,organisation,
conseil_1431,conseil 1431,organisation,
conseil_1432,conseil 1432,organisation,
conseil_1433,conseil 1433,organisation,
conseil_1434,conseil 1434,organisation,
conseil_1435,conseil 1435,organisation,
conseil_1436,conseil 1436,organisation,
conseil_1437,conseil 1437,organisation,
conseil_1438,conseil 1438,organisation,
conseil_1439,conseil 1439,organisation,
conseil_1440,conseil 1440,organisation,
conseil_1441,conseil 1441,organisation,
conseil_1442,conseil 1442,organisation,
conseil_1443,conseil 1443,organisation,
conseil_1444,conseil 1444,organisation,
conseil_1445,conseil 1445,organisation,
conseil_1446,conseil 1446,organisation,
conseil_1447,conseil 1447,organisation,
conseil_1448,conseil 1448,organisation,
conseil_1449,conseil 1449,organisation,
conseil_1450,conseil 1450,organisation,
conseil_1451,conseil 1451,organisation,
conseil_1452,conseil 1452,organisation,
conseil_1453,conseil 1453,organisation,
conseil_1454,conseil 1454,organisation,
conseil_1455,conseil 1455,organisation,
conseil_1456,conseil 1456,organisation,
conseil_1457,conseil 1457,organisation,
conseil_1458,conseil 1458,organisation,
conseil_1459,conseil 1459,organisation,
conseil_1460,conseil 1460,organisation,
conseil_1461,conseil 1461,organisation,
conseil_1462,conseil 1462,organisation,
conseil_1463,conseil 1463,organisation,
conseil_1464,conseil 1464,organisation,
conseil_1465,conseil 1465,organisation,
conseil_1466,conseil 1466,organisation,
conseil_1467,conseil 1467,organisation,
conseil_1468,conseil 1468,organisation,
conseil_1469,conseil 1469,organisation,
conseil_1470,conseil 1470,organisation,
conseil_1471,conseil 1471,organisation,
conseil_1472,conseil 1472,organisation,
conseil_1473,conseil 1473,organisation,
conseil_1474,conseil 1474,organisation,
conseil_1475,conseil 1475,organisation,
conseil_1476,conseil 1476,organisation,
conseil_1477,conseil 1477,organisation,
conseil_1478,conseil 1478,organisation,
conseil_1479,conseil 1479,organisation,
conseil_1480,conseil 1480,organisation,
conseil_1481,conseil 1481,organisation,
conseil_1482,conseil 1482,organisation,
conseil_1483,conseil 1483,organisation,
conseil_1484,conseil 1484,organisation,
conseil_1485,conseil 1485,organisation,
conseil_1486,conseil 1486,organisation,
conseil_1487,conseil 1487,organisation,
conseil_1488,conseil 1488,organisation,
conseil_1489,conseil 1489,organisation,
conseil_1490,conseil 1490,organisation,
conseil_1491,conseil 1491,organisation,
conseil_1492,conseil 1492,organisation,
conseil_1493,conseil 1493,organisation,
conseil_1494,conseil 1494,organisation,
conseil_1495,conseil 1495,organisation,
conseil_1496,conseil 1496,organisation,
conseil_1497,conseil 1497,organisation,
conseil_1498,conseil 1498,organisation,
conseil_1499,conseil 1499,organisation,
poele_am Oberstaden,poele am Oberstaden,organisation,
poele_an der Steinstraße,poele an der Steinstraße,organisation,
poele_baigneurs,poele baigneurs,organisation,
poele_barbiers,poele barbiers,organisation,
poele_carreleurs,poele carreleurs,organisation,
poele_cordiers,poele cordiers,organisation,
poele_crieurs de vin,poele crieurs de vin,organisation,
poele_fruitiers,poele fruitiers,organisation,
poele_hinter Sankt-Kathrinen,poele hinter Sankt-Kathrinen,organisation,
poele_huiliers,poele huiliers,organisation,
poele_in der Krutenau,poele in der Krutenau,organisation,
poele_in der Ruprechtsau,poele in der Ruprechtsau,organisation,
poele_mesureurs de vin,poele mesureurs de vin,organisation,
poele_meuniers,poele meuniers,organisation,
poele_orfèvres,poele orfèvres,organisation,
poele_peintres de boucliers,poele peintres de boucliers,organisation,
poele_regrattiers,poele regrattiers,organisation,
poele_tondeurs de draps,poele tondeurs de draps,organisation,
poele_unter Wagner,poele unter Wagner,organisation,
poele_zum Anker,poele zum Anker,organisation,
poele_zum Friburger,poele zum Friburger,organisation,
poele_zum Hirtzhorn,poele zum Hirtzhorn,organisation,
poele_zum Holtzapfel,poele zum Holtzapfel,organisation,
poele_zum Schiff,poele zum Schiff,organisation,
poele_zum Spiegel,poele zum Spiegel,organisation,
poele_zum Teich,poele zum Teich,organisation,
poele_zur Blume,poele zur Blume,organisation,
poele_zur Waseneck,poele zur Waseneck,organisation,
échevinage_barbiers et baigneurs,échevinage barbiers et baigneurs,organisation,
échevinage_bateliers,échevinage bateliers,organisation,
échevinage_bouchers,échevinage bouchers,organisation,
échevinage_boulangers,échevinage boulangers,organisation,
échevinage_cabaretiers,échevinage cabaretiers,organisation,
échevinage_charpentiers,échevinage charpentiers,organisation,
échevinage_charrons,échevinage charrons,organisation,
échevinage_coltineurs de tonneaux,échevinage coltineurs de tonneaux,organisation,
échevinage_constructeurs de bateaux,échevinage constructeurs de bateaux,organisation,
échevinage_cordonniers,échevinage cordonniers,organisation,
échevinage_crieurs et mesureurs de vin,échevinage crieurs et mesureurs de vin,organisation,
échevinage_drapiers,échevinage drapiers,organisation,
échevinage_forgerons,échevinage forgerons,organisation,
échevinage_gourmets et courtiers,échevinage gourmets et courtiers,organisation,
échevinage_huiliers meuniers et tondeurs de draps,échevinage huiliers meuniers et tondeurs de draps,organisation,
échevinage_jardiniers,échevinage jardiniers,organisation,
échevinage_marchands,échevinage marchands,organisation,
échevinage_marchands de grains,échevinage marchands de grains,organisation,
échevinage_maçons,échevinage maçons,organisation,
échevinage_orfèvres,échevinage orfèvres,organisation,
échevinage_pelletiers,échevinage pelletiers,organisation,
échevinage_pêcheurs,échevinage pêcheurs,organisation,
"échevinage_regrattiers, cordiers et fruitiers","échevinage regrattiers, cordiers et fruitiers",organisation,
échevinage_sauniers,échevinage sauniers,organisation,
échevinage_tailleurs,échevinage tailleurs,organisation,
échevinage_tanneurs,échevinage tanneurs,organisation,
échevinage_tisserands,échevinage tisserands,organisation,
échevinage_tonneliers,échevinage tonneliers,organisation,
